{
	"credit": "Made with Blockbench",
	"texture_size": [32, 32],
	"textures": {
		"0": "./plastic_bag_cumandor",
		"particle": "./plastic_bag_cumandor"
	},
	"elements": [
		{
			"from": [3, 0, 7],
			"to": [13, 1, 9],
			"faces": {
				"north": {"uv": [6, 8, 11, 8.5], "texture": "#0"},
				"east": {"uv": [3, 8, 4, 8.5], "texture": "#0"},
				"south": {"uv": [6, 8.5, 11, 9], "texture": "#0"},
				"west": {"uv": [3, 8.5, 4, 9], "texture": "#0"},
				"up": {"uv": [11, 3, 6, 2], "texture": "#0"},
				"down": {"uv": [11, 3, 6, 4], "texture": "#0"}
			}
		},
		{
			"from": [4, 9, 7],
			"to": [12, 10, 9],
			"faces": {
				"north": {"uv": [0, 9, 4, 9.5], "texture": "#0"},
				"east": {"uv": [3, 9.5, 4, 10], "texture": "#0"},
				"south": {"uv": [9, 7.5, 13, 8], "texture": "#0"},
				"west": {"uv": [9, 9.5, 10, 10], "texture": "#0"},
				"up": {"uv": [10, 7, 6, 6], "texture": "#0"},
				"down": {"uv": [4, 7, 0, 8], "texture": "#0"}
			}
		},
		{
			"from": [3, 8, 7],
			"to": [13, 9, 9],
			"faces": {
				"north": {"uv": [6, 9, 11, 9.5], "texture": "#0"},
				"east": {"uv": [0, 10, 1, 10.5], "texture": "#0"},
				"south": {"uv": [9, 7, 14, 7.5], "texture": "#0"},
				"west": {"uv": [1, 10, 2, 10.5], "texture": "#0"},
				"up": {"uv": [11, 5, 6, 4], "texture": "#0"},
				"down": {"uv": [11, 5, 6, 6], "texture": "#0"}
			}
		},
		{
			"from": [5, 10, 7],
			"to": [11, 11, 9],
			"faces": {
				"north": {"uv": [0, 9.5, 3, 10], "texture": "#0"},
				"east": {"uv": [2, 10, 3, 10.5], "texture": "#0"},
				"south": {"uv": [6, 9.5, 9, 10], "texture": "#0"},
				"west": {"uv": [3, 10, 4, 10.5], "texture": "#0"},
				"up": {"uv": [9, 8, 6, 7], "texture": "#0"},
				"down": {"uv": [3, 8, 0, 9], "texture": "#0"}
			}
		},
		{
			"from": [2, 1, 7],
			"to": [14, 8, 9],
			"faces": {
				"north": {"uv": [0, 0, 6, 3.5], "texture": "#0"},
				"east": {"uv": [4, 7, 5, 10.5], "texture": "#0"},
				"south": {"uv": [0, 3.5, 6, 7], "texture": "#0"},
				"west": {"uv": [5, 7, 6, 10.5], "texture": "#0"},
				"up": {"uv": [12, 1, 6, 0], "texture": "#0"},
				"down": {"uv": [12, 1, 6, 2], "texture": "#0"}
			}
		},
		{
			"from": [7, 12, 8],
			"to": [9, 13, 8],
			"faces": {
				"north": {"uv": [6, 10, 7, 10.5], "texture": "#0"},
				"east": {"uv": [0, 0, 0, 0.5], "texture": "#0"},
				"south": {"uv": [10, 6, 11, 6.5], "texture": "#0"},
				"west": {"uv": [0, 0, 0, 0.5], "texture": "#0"},
				"up": {"uv": [1, 0, 0, 0], "texture": "#0"},
				"down": {"uv": [1, 0, 0, 0], "texture": "#0"}
			}
		},
		{
			"from": [9, 11, 8],
			"to": [11, 12, 8],
			"faces": {
				"north": {"uv": [10, 6.5, 11, 7], "texture": "#0"},
				"east": {"uv": [0, 0, 0, 0.5], "texture": "#0"},
				"south": {"uv": [7, 10, 8, 10.5], "texture": "#0"},
				"west": {"uv": [0, 0, 0, 0.5], "texture": "#0"},
				"up": {"uv": [1, 0, 0, 0], "texture": "#0"},
				"down": {"uv": [1, 0, 0, 0], "texture": "#0"}
			}
		},
		{
			"from": [5, 11, 8],
			"to": [7, 12, 8],
			"faces": {
				"north": {"uv": [8, 10, 9, 10.5], "texture": "#0"},
				"east": {"uv": [0, 0, 0, 0.5], "texture": "#0"},
				"south": {"uv": [9, 10, 10, 10.5], "texture": "#0"},
				"west": {"uv": [0, 0, 0, 0.5], "texture": "#0"},
				"up": {"uv": [1, 0, 0, 0], "texture": "#0"},
				"down": {"uv": [1, 0, 0, 0], "texture": "#0"}
			}
		}
	],
	"display": {
		"thirdperson_righthand": {
			"rotation": [15, -90, -61],
			"translation": [0, -3, -3.5]
		},
		"thirdperson_lefthand": {
			"rotation": [15, -90, -61],
			"translation": [0, -3, -3.5]
		},
		"firstperson_righthand": {
			"rotation": [-36, -90, -61],
			"translation": [3.5, -3, -3.5]
		},
		"firstperson_lefthand": {
			"rotation": [-36, -90, -61],
			"translation": [3.5, -3, -3.5]
		},
		"ground": {
			"rotation": [-90, 0, 0],
			"translation": [0, -2.75, 0]
		},
		"gui": {
			"rotation": [-15, 42, -1],
			"translation": [0, 1.75, 0],
			"scale": [1.36, 1.02, 1.05]
		},
		"head": {
			"rotation": [180, 0, 0],
			"scale": [1, 0.73828, 1]
		},
		"fixed": {
			"translation": [0, 8.75, 0],
			"scale": [4, 4, 4]
		}
	},
	"groups": [
		{
			"name": "bone",
			"origin": [0, 0, 0],
			"color": 0,
			"children": [0, 1, 2, 3, 4, 5, 6, 7]
		}
	]
}
