{
	"credit": "Made with Blockbench",
	"textures": {
		"0": "./letter_untouched",
		"particle": "./letter_untouched"
	},
	"elements": [
		{
			"from": [3.5, -1, 5],
			"to": [12.5, 0, 11],
			"rotation": {"angle": 0, "axis": "y", "origin": [7.5, 0.5, 8]},
			"faces": {
				"up": {"uv": [9, 6, 0, 0], "texture": "#0"}
			}
		},
		{
			"from": [12.51, -0.99, 5.01],
			"to": [3.49, -0.01, 10.99],
			"rotation": {"angle": 0, "axis": "y", "origin": [7.5, 0.5, 8]},
			"faces": {
				"up": {"uv": [9, 12, 0, 6], "texture": "#0"}
			}
		}
	],
	"display": {
		"thirdperson_righthand": {
			"rotation": [-2, -180, 66],
			"translation": [7.5, 1.75, -1.75]
		},
		"thirdperson_lefthand": {
			"rotation": [4, -180, 66],
			"translation": [7.5, 1.75, -1.75]
		},
		"firstperson_righthand": {
			"rotation": [66, -180, -80],
			"translation": [-6.75, 2, 1.5]
		},
		"firstperson_lefthand": {
			"rotation": [66, -180, -80],
			"translation": [-6.75, 2, 1.5]
		},
		"ground": {
			"translation": [0, 5, 0]
		},
		"gui": {
			"rotation": [54, 164, 0],
			"translation": [0, 5, 0],
			"scale": [1.1, 1.1, 1.1]
		},
		"fixed": {
			"rotation": [-90, 0, 0],
			"translation": [0, 0, -16.75],
			"scale": [2, 2, 2]
		}
	}
}
