{
	"credit": "Made with Blockbench",
	"textures": {
		"0": "./letter_opened",
		"particle": "./letter_opened"
	},
	"elements": [
		{
			"from": [4.5, -1, 12],
			"to": [7.5, 0, 13],
			"rotation": {"angle": 0, "axis": "y", "origin": [4.5, 0.5, 8]},
			"faces": {
				"up": {"uv": [12, 5, 9, 4], "texture": "#0"}
			}
		},
		{
			"from": [3.5, -1, 11],
			"to": [8.5, 0, 12],
			"rotation": {"angle": 0, "axis": "y", "origin": [4.5, 0.5, 8]},
			"faces": {
				"up": {"uv": [14, 4, 9, 3], "texture": "#0"}
			}
		},
		{
			"from": [2.5, -1, 10],
			"to": [9.5, 0, 11],
			"rotation": {"angle": 0, "axis": "y", "origin": [4.5, 0.5, 8]},
			"faces": {
				"up": {"uv": [16, 1, 9, 0], "texture": "#0"}
			}
		},
		{
			"from": [1.5, -1, 4],
			"to": [10.5, 0, 10],
			"rotation": {"angle": 0, "axis": "y", "origin": [4.5, 0.5, 8]},
			"faces": {
				"up": {"uv": [9, 6, 0, 0], "texture": "#0"}
			}
		},
		{
			"from": [7.5, -0.75, 6],
			"to": [13.5, 0.25, 15],
			"rotation": {"angle": 22.5, "axis": "y", "origin": [4.5, 0.5, 8]},
			"faces": {
				"up": {"uv": [16, 16, 10, 7], "texture": "#0"}
			}
		},
		{
			"from": [4.49, -0.01, 11.99],
			"to": [7.49, -0.01, 12.99],
			"rotation": {"angle": 0, "axis": "y", "origin": [4.5, 0.5, 8]},
			"faces": {
				"down": {"uv": [12, 5, 9, 6], "texture": "#0"}
			}
		},
		{
			"from": [3.49, -0.01, 10.99],
			"to": [8.49, -0.01, 11.99],
			"rotation": {"angle": 0, "axis": "y", "origin": [4.5, 0.5, 8]},
			"faces": {
				"down": {"uv": [14, 2, 9, 3], "texture": "#0"}
			}
		},
		{
			"from": [2.49, -0.01, 9.99],
			"to": [9.49, -0.01, 10.99],
			"rotation": {"angle": 0, "axis": "x", "origin": [4.5, 0.5, 8]},
			"faces": {
				"down": {"uv": [16, 1, 9, 2], "texture": "#0"}
			}
		},
		{
			"from": [10.51, -0.99, 4.01],
			"to": [1.49, -0.01, 9.99],
			"rotation": {"angle": 0, "axis": "y", "origin": [4.5, 0.5, 8]},
			"faces": {
				"up": {"uv": [9, 12, 0, 6], "texture": "#0"}
			}
		},
		{
			"from": [7.51, -0.74, 15.01],
			"to": [13.49, 0.24, 5.99],
			"rotation": {"angle": 22.5, "axis": "y", "origin": [4.5, 0.5, 8]},
			"faces": {
				"up": {"uv": [9, 12, 0, 6], "rotation": 90, "texture": "#0"}
			}
		}
	],
	"display": {
		"thirdperson_righthand": {
			"rotation": [15, -180, 66],
			"translation": [7.5, 2.25, -2]
		},
		"thirdperson_lefthand": {
			"rotation": [15, -180, 66],
			"translation": [7.5, 2.25, -2]
		},
		"firstperson_righthand": {
			"rotation": [67, -180, -65],
			"translation": [-6, 2.25, -1]
		},
		"firstperson_lefthand": {
			"rotation": [67, -180, -65],
			"translation": [-6, 2.25, -1]
		},
		"ground": {
			"translation": [0, 5, 0]
		},
		"gui": {
			"rotation": [54, 164, 0],
			"translation": [0, 5, 0],
			"scale": [1.1, 1.1, 1.1]
		},
		"fixed": {
			"rotation": [-90, 0, 0],
			"translation": [0, 0, -16.75],
			"scale": [2, 2, 2]
		}
	},
	"groups": [
		{
			"name": "Up",
			"origin": [7.5, 0.5, 8],
			"color": 0,
			"children": [0, 1, 2, 3, 4]
		},
		{
			"name": "Down",
			"origin": [7.5, 0.5, 8],
			"color": 0,
			"children": [5, 6, 7, 8, 9]
		}
	]
}
